Nivel_Jerarquia;Departamento_Linea;Nombre_Coleccion;Shopify_URL_Handle;VTEX_URL_Origen_Estimada;Tipo_Coleccion_Shopify;Regla_Condiciones_Shopify;Palabras_Clave_Objetivo;Volumen_Busqueda_Mes_CO;Title_Tag_Recomendado_SEO;H1_Recomendado;Prioridad_Migracion
L1;Hombre;Ropa Hombre;ropa-hombre;/hombre/ropa;Automated;product_type == Ropa AND tag == hombre;ropa hombre, ropa arturo calle;18100;Ropa para Hombre | Moda Masculina Arturo Calle;Ropa para Hombre;P1
L2;Hombre;Camisas Hombre;camisas-hombre;/hombre/ropa/camisas;Automated;product_type == Camisas AND tag == hombre;camisas para hombre, camisas hombre;24200;Camisas para Hombre | Formales, Casuales y Lino · Arturo Calle;Camisas para Hombre;P1
L3;Hombre;Camisas Formales;camisas-formales-hombre;/hombre/ropa/camisas/formales;Automated;product_type == Camisas AND tag == formal;camisas formales hombre, camisa de vestir;8100;Camisas Formales para Hombre | Estilo Ejecutivo · Arturo Calle;Camisas Formales para Hombre;P1
L3;Hombre;Camisas Casuales;camisas-casuales-hombre;/hombre/ropa/camisas/casuales;Automated;product_type == Camisas AND tag == casual;camisas casuales hombre, camisas de moda;6600;Camisas Casuales para Hombre · Arturo Calle;Camisas Casuales para Hombre;P1
L3;Hombre;Camisas de Lino;camisas-lino-hombre;/t/camisas-lino-hombre;Automated;product_type == Camisas AND tag == lino;camisa lino hombre, camisas de lino colombia;5400;Camisas de Lino para Hombre | Frescura y Elegancia · Arturo Calle;Camisas de Lino para Hombre;P1
L3;Hombre;Camisas Estampadas y Rayas;camisas-rayas-estampadas-hombre;/t/camisa-rayada-hombre;Automated;product_type == Camisas AND tag == rayas;camisas de rayas hombre, camisas estampadas;3600;Camisas de Rayas y Estampadas para Hombre · Arturo Calle;Camisas de Rayas y Estampadas;P2
L3;Hombre;Camisas Manga Corta;camisas-manga-corta-hombre;/hombre/ropa/camisas/manga-corta;Automated;product_type == Camisas AND tag == manga-corta;camisas manga corta hombre;4400;Camisas Manga Corta para Hombre · Arturo Calle;Camisas Manga Corta para Hombre;P2
L2;Hombre;Polos Hombre;polos-hombre;/hombre/ropa/polos;Automated;product_type == Polos AND tag == hombre;polos hombre, camisetas tipo polo;33100;Camisetas Tipo Polo para Hombre · Arturo Calle;Polos para Hombre;P1
L2;Hombre;Camisetas Hombre;camisetas-hombre;/hombre/ropa/camisetas;Automated;product_type == Camisetas AND tag == hombre;camisetas hombre, camiseta blanca;33100;Camisetas para Hombre | Básicas, Cuello Redondo y V · Arturo Calle;Camisetas para Hombre;P1
L2;Hombre;Pantalones Hombre;pantalones-hombre;/hombre/ropa/pantalones;Automated;product_type == Pantalones AND tag == hombre;pantalones para hombre, pantalones hombre;18100;Pantalones para Hombre | Dril, Vestir y Cargo · Arturo Calle;Pantalones para Hombre;P1
L3;Hombre;Pantalones de Vestir / Formales;pantalones-formales-hombre;/hombre/ropa/pantalones/formales;Automated;product_type == Pantalones AND tag == formal;pantalones de vestir hombre, pantalon formal;5400;Pantalones Formales y de Vestir para Hombre · Arturo Calle;Pantalones Formales para Hombre;P1
L3;Hombre;Pantalones en Dril / Chinos;pantalones-dril-hombre;/hombre/ropa/pantalones/dril;Automated;product_type == Pantalones AND tag == dril;pantalones dril hombre, pantalon casual;4400;Pantalones en Dril y Chinos para Hombre · Arturo Calle;Pantalones en Dril para Hombre;P1
L3;Hombre;Pantalones Cargo Hombre;pantalones-cargo-hombre;/t/pantalon-cargo-hombre;Automated;product_type == Pantalones AND tag == cargo;pantalones cargo hombre, pantalon cargo;27100;Pantalones Cargo para Hombre · Arturo Calle;Pantalones Cargo para Hombre;P1
L2;Hombre;Jeans Hombre;jeans-hombre;/hombre/ropa/jeans;Automated;product_type == Jeans AND tag == hombre;jeans para hombre, jeans hombre;14800;Jeans para Hombre | Slim, Regular y Straight · Arturo Calle;Jeans para Hombre;P1
L2;Hombre;Bermudas y Shorts;bermudas-shorts-hombre;/hombre/ropa/bermudas;Automated;product_type == Bermudas AND tag == hombre;bermudas hombre, shorts hombre;22200;Bermudas y Shorts para Hombre · Arturo Calle;Bermudas y Shorts para Hombre;P2
L2;Hombre;Buzos y Sweaters;buzos-sweaters-hombre;/hombre/ropa/buzos;Automated;product_type == Buzos AND tag == hombre;buzos hombre, sacos para hombre;33100;Buzos, Sacos y Sweaters para Hombre · Arturo Calle;Buzos y Sweaters para Hombre;P1
L2;Hombre;Chaquetas y Abrigos;chaquetas-abrigos-hombre;/hombre/ropa/chaquetas;Automated;product_type == Chaquetas AND tag == hombre;chaquetas para hombre, abrigos hombre;22200;Chaquetas, Cazadoras y Abrigos para Hombre · Arturo Calle;Chaquetas y Abrigos para Hombre;P1
L1;Hombre;Sastrería y Formal;sastreria-formal-hombre;/hombre/sastreria;Automated;tag == sastreria OR tag == formal;trajes arturo calle, sastrería hombre;12100;Sastrería y Trajes de Hombre | Colección Formal Arturo Calle;Sastrería Masculina;P1
L2;Hombre;Trajes Completos;trajes-hombre;/t/traje-para-hombre;Automated;product_type == Trajes AND tag == hombre;trajes para hombre, trajes hombre colombia;18100;Trajes para Hombre | Trajes Ejecutivos y Matrimonio · Arturo Calle;Trajes para Hombre;P1
L2;Hombre;Blazers Hombre;blazers-hombre;/hombre/ropa/blazers;Automated;product_type == Blazers AND tag == hombre;blazer hombre, blazers para hombre;22200;Blazers y Sacos Formales para Hombre · Arturo Calle;Blazers para Hombre;P1
L2;Hombre;Smokings y Gala;smokings-gala-hombre;/hombre/ropa/smokings;Automated;product_type == Smokings AND tag == hombre;smoking hombre, esmoquin hombre;20100;Smokings y Ropa de Gala para Hombre · Arturo Calle;Smokings y Ropa de Gala;P1
L2;Hombre;Chalecos de Vestir;chalecos-formales-hombre;/hombre/ropa/chalecos;Automated;product_type == Chalecos AND tag == formal;chalecos de vestir hombre;3600;Chalecos Formales y de Traje para Hombre · Arturo Calle;Chalecos de Vestir;P2
L1;Hombre;Calzado Hombre;calzado-hombre;/hombre/calzado;Automated;product_type == Calzado AND tag == hombre;zapatos hombre arturo calle, calzado hombre;14800;Zapatos para Hombre | Formales, Mocasines y Tenis · Arturo Calle;Calzado para Hombre;P1
L2;Hombre;Mocasines Hombre;mocasines-hombre;/hombre/calzado/mocasines;Automated;product_type == Mocasines AND tag == hombre;mocasines hombre, mocasines cuero;18700;Mocasines para Hombre en Cuero · Arturo Calle;Mocasines para Hombre;P1
L2;Hombre;Zapatos Formales / Oxford;zapatos-formales-hombre;/hombre/calzado/formales;Automated;product_type == Zapatos Formales;zapatos elegantes hombre, zapatos de vestir;9900;Zapatos Formales y de Vestir para Hombre · Arturo Calle;Zapatos Formales para Hombre;P1
L2;Hombre;Tenis y Sneakers Casuales;tenis-casuales-hombre;/hombre/calzado/tenis;Automated;product_type == Tenis AND tag == hombre;tenis hombre, sneakers cuero;14800;Tenis Casuales y Sneakers de Cuero para Hombre · Arturo Calle;Tenis y Calzado Casual;P1
L2;Hombre;Botas y Botines;botas-hombre;/hombre/calzado/botas;Automated;product_type == Botas AND tag == hombre;botas hombre, botines cuero;8100;Botas y Botines en Cuero para Hombre · Arturo Calle;Botas para Hombre;P2
L1;Hombre;Accesorios y Cuero;accesorios-cuero-hombre;/hombre/accesorios;Automated;product_type == Accesorios AND tag == hombre;accesorios hombre, marroquineria arturo calle;8100;Accesorios para Hombre y Marroquinería en Cuero · Arturo Calle;Accesorios para Hombre;P1
L2;Hombre;Corbatas y Corbatines;corbatas-corbatines;/hombre/accesorios/corbatas;Automated;product_type == Corbatas;corbatas, corbatines hombre;5400;Corbatas de Seda y Corbatines para Hombre · Arturo Calle;Corbatas y Corbatines;P1
L2;Hombre;Cinturones y Reatas;cinturones-cuero-hombre;/hombre/accesorios/cinturones;Automated;product_type == Cinturones;cinturones cuero hombre, correas hombre;6600;Cinturones y Correas en Cuero para Hombre · Arturo Calle;Cinturones para Hombre;P1
L2;Hombre;Billeteras y Tarjeteros;billeteras-tarjeteros-cuero;/hombre/accesorios/billeteras;Automated;product_type == Billeteras;billeteras hombre cuero, tarjeteros;9900;Billeteras y Tarjeteros en Cuero para Hombre · Arturo Calle;Billeteras y Tarjeteros;P1
L2;Hombre;Maletas y Morrales;maletas-morrales-viaje;/hombre/accesorios/maletas;Automated;product_type == Maletas OR product_type == Morrales;maletas de viaje, morrales ejecutivos;29100;Maletas de Viaje, Morrales y Maletines Ejecutivos · Arturo Calle;Maletas y Morrales de Viaje;P1
L2;Hombre;Perfumería y Cuidado;perfumes-hombre;/hombre/perfumes;Automated;product_type == Perfumes;perfumes arturo calle, fragancias hombre;5400;Perfumes y Fragancias Masculinas · Arturo Calle;Perfumería Masculina;P2
L2;Hombre;Medias y Ropa Interior;medias-ropa-interior-hombre;/hombre/ropa-interior;Automated;product_type == Medias OR product_type == Boxers;medias hombre, boxers;22200;Medias, Boxers y Ropa Interior Masculina · Arturo Calle;Medias y Ropa Interior;P2
L1;Mujer;Colección Mujer;mujer;/mujer;Automated;tag == mujer;arturo calle mujer, ropa mujer;18100;Ropa para Mujer | Colección Femenina Arturo Calle;Colección Mujer;P1
L2;Mujer;Vestidos Mujer;vestidos-mujer;/mujer/ropa/vestidos;Automated;product_type == Vestidos AND tag == mujer;vestidos elegantes, vestidos mujer;49500;Vestidos para Mujer | Elegantes, Casuales y Fiesta · Arturo Calle;Vestidos para Mujer;P1
L2;Mujer;Blazers Mujer;blazers-mujer;/mujer/ropa/blazers;Automated;product_type == Blazers AND tag == mujer;blazer mujer, blazers elegantes mujer;14800;Blazers y Sacos para Mujer · Arturo Calle;Blazers para Mujer;P1
L2;Mujer;Blusas y Camisas Mujer;blusas-camisas-mujer;/mujer/ropa/blusas;Automated;product_type == Blusas OR product_type == Camisas Mujer;blusas elegantes, camisas mujer;12100;Blusas y Camisas para Mujer · Arturo Calle;Blusas y Camisas para Mujer;P1
L2;Mujer;Pantalones y Jeans Mujer;pantalones-jeans-mujer;/mujer/ropa/pantalones;Automated;product_type == Pantalones AND tag == mujer;pantalones anchos mujer, jeans mujer;18100;Pantalones y Jeans para Mujer · Arturo Calle;Pantalones y Jeans para Mujer;P1
L2;Mujer;Calzado y Bolsos Mujer;calzado-bolsos-mujer;/mujer/calzado-accesorios;Automated;tag == mujer AND (tag == calzado OR tag == bolsos);bolsos cuero mujer, calzado mujer;8100;Calzado, Bolsos y Marroquinería Femenina · Arturo Calle;Calzado y Bolsos para Mujer;P2
L1;Kids;Colección Niños y Niñas;kids-ninos;/ninos;Automated;tag == kids OR tag == ninos;arturo calle niños, ropa niños;9900;Ropa para Niños y Niñas | Arturo Calle Kids;Arturo Calle Kids;P1
L2;Kids;Camisas y Polos Niños;camisas-polos-ninos;/ninos/camisas;Automated;tag == ninos AND (product_type == Camisas OR product_type == Polos);camisas niños, polos niños;4400;Camisas y Polos para Niños · Arturo Calle Kids;Camisas y Polos para Niños;P2
L2;Kids;Trajes y Sastrería Niños;trajes-formales-ninos;/ninos/trajes;Automated;tag == ninos AND product_type == Trajes;trajes para niños, trajes primera comunion;3600;Trajes Formales y Primeras Comuniones para Niños · Arturo Calle;Trajes y Formal Niños;P2
L1;Colore;Colore by Arturo Calle;colore;/colore;Automated;brand == Colore;colore arturo calle, ropa juvenil;8100;Colore by Arturo Calle | Moda Casual y Contemporánea;Colore by Arturo Calle;P1
L1;Freedom;Freedom Jeans;freedom;/freedom;Automated;brand == Freedom;freedom arturo calle, jeanswear;4400;Freedom by Arturo Calle | Denim y Moda Urbana;Freedom Denim;P2
L4;Especiales;Trajes para Matrimonios y Grados;trajes-matrimonio-grados;/t/trajes-eventos;Automated;tag == matrimonio OR tag == grado;vestidos de grados, trajes matrimonio hombre;14800;Trajes para Matrimonios, Grados y Eventos Especiales · Arturo Calle;Trajes para Matrimonios y Grados;P1
L4;Especiales;Guía de Regalos para Hombres;regalos-para-hombres;/t/regalos-hombres;Manual;Curated selection;regalos para hombres, detalles hombre;10400;Regalos para Hombres | Ideas y Detalles Exclusivos · Arturo Calle;Regalos para Hombres;P1
L4;Especiales;Colección Lino Premium;coleccion-lino;/t/coleccion-lino;Automated;tag == lino;ropa de lino, moda lino;8100;Colección de Lino para Hombre y Mujer · Arturo Calle;Colección de Lino;P1
L4;Especiales;Ofertas y Descuentos Oficiales;ofertas-descuentos;/ofertas-arturo-calle;Automated;compare_at_price > price;arturo calle ofertas, promociones arturo calle;14800;Ofertas y Descuentos Oficiales · Arturo Calle;Ofertas y Promociones;P1
